{
    "accuracy": 0.6893004115226338,
    "precision": 0.6289592760180995,
    "recall": 0.6682692307692307,
    "f1_score": 0.6480186480186481,
    "roc_auc": 0.7488758992805755
}